故障模式分类及影响分析											重要故障分析		故障处理分析				断点续训恢复	故障注入分析				故障诊断分析						遗留问题		TOP20	TOP20-PR合入		可测试	错误码								错误码说明		故障模式支持情况（MindCluster维护）		
模式编号	模式名称	一级	二级	三级	四级	五级	故障原因	故障影响	故障分类	场景分类	关键故障(影响)	典型故障(频次)	检测机制	模块处理	*系统处理	恢复等级	断点续训恢复	故障可构造	故障构造（ut测试/修改配置/侵入式修改代码/白盒测试）	"具体构造方法
1.全自动化ut/半自动化ut
2.描述清楚具体修改的配置文件和修改方法
3.描述清楚具体修改文件的位置和代码行，以代码仓为准
4.描述清楚故障日志具体涉及的代码行，以代码仓为准"	构造方法	故障定位方法	故障关键日志	故障日志自验结果	下级模式编号	检测使能条件				-				固定部分	组件编码	错误等级（E/C）	子组件编码	特性编码	错误类型	错误码	错误码枚举	LLM的组件编号是05	备注	Ascend-FaultDiag是否支持	开始支持版本	解析的关键日志
AI_MINDIE_LLM_LLMBACKEND_1	BackendConfig配置参数校验失败	AI软件	MINDIE	LLM	LLM Backend	平台软件	配置参数不合法	服务启动失败	启动失败	系统启动异常	否	否	/usr/local/Ascend/mindie/latest/mindie-service/logs/mindieservice.log	退出	记录错误日志,退出		不涉及	否	白盒测试	src/llm_infer_engine/llm_infer_engine.cpp：136至140行	修改配置文件中的npuDeviceIds和modelInstanceNumber，使二者不相等。(按照里面的构造去走的话，前一级就会被校验住，不会触发这个故障日志，所以白盒验证）	查看故障日志	"The number of model Instances(${modelInstanceNumber}) does not match the size of npuDeviceIds(${npuDeviceIds.size()}) in config.json."；	自验通过		正常运行		日志标准同步给server		Y	是		否	MIE	5	E	4	0	0	MIE05E040000	BACKEND_CONFIG_INVALID			是	630	['MIE05E040000']
AI_MINDIE_LLM_LLMBACKEND_2	请求推理失败：校验InputId大小失败	AI软件	MINDIE	LLM	LLM Backend	平台软件	请求中的InputIds不合法	请求推理失败	功能异常	功能异常	否	否	~/mindie/log/debug/mindie-llm_{pid}_{time}.log	记录错误日志	记录错误日志		不涉及	是			输入的input ids中含有超过词表大小的id	查看故障日志	Detected input ID(${id}) exceeding vocabulary size (${g_vocabSize}).			用户级调用				存疑			是	MIE	5	E	4	0		MIE05E0400				否		
AI_MINDIE_LLM_LLMBACKEND_3	LLMInferModels初始化失败	AI软件	MINDIE	LLM	LLM Backend	平台软件	LLMInferEngine初始化失败	服务启动失败	启动失败	系统启动异常	否	否	/usr/local/Ascend/mindie/latest/mindie-service/logs/mindieservice.log	退出	记录错误日志,退出		不涉及	否	侵入式修改代码	1. pip show model_wrapper 2. 侵入式修改model_wrapper 下的 model.py 如备注(AR列)所示	LLMInferModel被重复初始化或ModelInstance初始化失败；	查看故障日志	"LLMInferEngine initialize LLMInferModels failed.please check the error stacks for more details."	#NAME?		开发调试		日志标准同步给server		Y	是		否	MIE	5	E	4	0	1	MIE05E040001	BACKEND_INIT_FAILED	错误等级说明：E:ERROR;C:CRITICAL	#NAME?	是	630	['MIE05E040001']
AI_MINDIE_LLM_LLMBACKEND_4	请求推理失败：传入的InputIds含空指针	AI软件	MINDIE	LLM	LLM Backend	平台软件	请求中的InputIds为空	请求推理失败	功能异常	功能异常	否	否	~/mindie/log/debug/mindie-llm_{pid}_{time}.log	记录错误日志	记录错误日志		不涉及	是			API调用场景下InputIds中的data指针为空	查看故障日志	"The data in the INPUT_IDS tensor is null."			"用户级调用
开发调试"				存疑				MIE	5	E	4	0		MIE05E0400				否		
AI_MINDIE_LLM_LLMBACKEND_5	请求推理失败：校验maxOutputLen失败	AI软件	MINDIE	LLM	LLM Backend	平台软件	请求中的maxOutputLen不合法	请求推理失败	功能异常	功能异常	否	否	~/mindie/log/debug/mindie-llm_{pid}_{time}.log	记录错误日志	记录错误日志		不涉及	是			请求中的maxOutputLen为0	查看故障日志	"Failed to set maxOutputLen for runtimeRequest."			用户级调用				存疑			否	MIE	5	E	4	0		MIE05E0400				否		
AI_MINDIE_LLM_LLMMANAGER_1	模型配置参数（ModelDeployConfig）校验失败	AI软件	MINDIE	LLM	LLM Manager	平台软件	配置参数不合法	服务启动失败	启动失败	系统启动异常	是	是	/usr/local/Ascend/mindie/latest/mindie-service/logs/mindieservice.log	退出	记录错误日志,退出		不涉及	是	修改配置	"涉及 ModelDeployConfig参数：
1 maxSeqLen需要大于0，配置config.json中maxseqlen为0；
2 worldSize必须要大于0，配置配置config.json中worldSizen为0；
3 backendType只能为“atb”和""ms""， 配置config.json中worldSize为“xxx”；
4 npuMemSize不能为0 不能小于-1，配置npuMemSize为-2"	"涉及 ModelDeployConfig参数：
1 maxSeqLen需要大于0，配置config.json中maxseqlen为0；
2 worldSize必须要大于0，配置配置config.json中worldSizen为0；
3 backendType只能为“atb”和""ms""， 配置config.json中worldSize为“xxx”；
4 npuMemSize不能为0 不能小于-1，配置npuMemSize为-2
按上述配置即可构造异常"	查看故障日志(不涉及日志，看打屏信息）	"1.""The value of maxSeqLen in ModelDeployConfig in config.json is "" <<
modelParam.maxSeqLen << ""it should be be greater than 0, please set maxSeqLen greater than 0""
2 ""The value of worldSize in ModelDeployConfig in config.json is"" <<
modelParam.worldSize << ""it should be be greater than 0, please set worldSize greater than 0""
3.""The value of backendType in ModelDeployConfig in config.json is"" <<
modelParam.backendType << ""it should be ""atb"" or ""ms"", please set backendType to ""atb"" or ""ms""s
4.""The value of npuMemSize in ModelDeployConfig in config.json is "" <<
modelParam.npuMemSize << ""it should be within (0, 4294967295] or -1"" <<
""please set npuMemSize in config.json within (0, 4294967295] or -1"""	自验通过		正常运行		能否提供一个公共函数校验安全问题：url；反斜杠；隐私信息，...		Y	已合入		是	MIE	5	E	3	0	0	MIE05E030000	LLM_MANAGER_CONFIG_FAILED			是	630	['MIE05E030000']
AI_MINDIE_LLM_LLMMANAGER_2	请求推理参数校验失败	AI软件	MINDIE	LLM	LLM Manager	平台软件	请求推理参数校	请求推理失败	功能异常	功能异常	否	否	~/mindie/log/debug/mindie-llm_{pid}_{time}.log	记录错误日志	记录错误日志		不涉及	是			输入含有超过词表大小的id即可触发；	查看故障日志	"""This model's maximum input ids length cannot be greater than maxSeqLen"" +
            ""] must <= maxSeqLen from model: "" + std::to_string(g_maxSeqLen);
            std::to_string(g_maxSeqLen) + "","" + ""the input ids length is"" + inputTokenSize"			用户级调用				存疑			是	MIE	5	E	3	0		MIE05E0300		子组件编码：00：ATB-Models 02:BatchScheduler  01:Text Generator 03:LLM Manager 04:LLM-Backend		否		
AI_MINDIE_LLM_LLMMANAGER_3	初始化modelbackend失败	AI软件	MINDIE	LLM	LLM Manager	平台软件	底层模型初始化失败	服务启动失败	启动失败	系统启动异常	否	否	/usr/local/Ascend/mindie/latest/mindie-service/logs/mindieservice.log	退出	记录错误日志,退出		不涉及	否	白盒测试	src/llm_manager/executor/llm_manager/utils/llm_infer_model_instance.cpp：46至49行	较难构造 一般出现于版本不匹配可能出现 建议白盒测试	下层模块异常，llmanager记录错误日志，需要查看BatchShedule和模型侧故障日志	"""Initialize modelBackends_ failed"" <<
            ""export MINDIE_LLM_PYTHON_LOG_TO_STDOUT=1  export MINDIE_LLM_PYTHON_LOG_TO_FILE=1 to find error in pythonlog"""	#NAME?		正常运行		佑宇进行确认		Y	已合入			MIE	5	E	3	0	1	MIE05E030001	LLM_MANAGER_INIT_FAILED		#NAME?	是	630	['MIE05E030001']
AI_MINDIE_LLM_LLMMANAGER_4	执行请求推理失败	AI软件	MINDIE	LLM	LLM Manager	平台软件	下层执行推理失败	请求推理失败	功能异常	功能异常	否	否	~/mindie/log/debug/mindie-llm_{pid}_{time}.log	记录错误日志	记录错误日志		不涉及	否				modelbackend执行失败，查看BatchShedul故障日志	model instance executed requests failed			用户级调用				存疑				MIE	5	E	3	0		MIE05E0300				否		
AI_MINDIE_LLM_BATCHSCHEDULER_1		AI软件	MINDIE	LLM	BatchScheduler	平台软件					否	否	~/mindie/log/debug/mindie-llm_{pid}_{time}.log	退出	记录错误日志,退出		不涉及	是			无效的配置文件路径，或无效的配置文件	查看故障日志				用户级调用		找胡守峰对一下，按照llm统一标准来填						MIE	5		2			MIE0502				否		
AI_MINDIE_LLM_BATCHSCHEDULER_2		AI软件	MINDIE	LLM	BatchScheduler	平台软件					是	否	~/mindie/log/debug/mindie-llm_{pid}_{time}.log	退出	记录错误日志,退出		不涉及	是			无效的配置文件路径，或无效的配置文件	查看故障日志				用户级调用								MIE	5		2			MIE0502				否		
AI_MINDIE_LLM_BATCHSCHEDULER_3		AI软件	MINDIE	LLM	BatchScheduler	平台软件					否	否	~/mindie/log/debug/mindie-llm_{pid}_{time}.log	退出	记录错误日志,退出		不涉及	否				查看故障日志				开发调试								MIE	5		2			MIE0502				否		
AI_MINDIE_LLM_BATCHSCHEDULER_4		AI软件	MINDIE	LLM	BatchScheduler	平台软件					否	否	~/mindie/log/debug/mindie-llm_{pid}_{time}.log	退出	记录错误日志,退出		不涉及	否				查看故障日志				开发调试								MIE	5		2			MIE0502				否		
AI_MINDIE_LLM_BATCHSCHEDULER_5		AI软件	MINDIE	LLM	BatchScheduler	平台软件					是	否	~/mindie/log/debug/mindie-llm_{pid}_{time}.log	退出	记录错误日志,退出		不涉及	是				查看故障日志				用户级调用								MIE	5		2			MIE0502				否		
AI_MINDIE_LLM_BATCHSCHEDULER_6		AI软件	MINDIE	LLM	BatchScheduler	平台软件					是	否	~/mindie/log/debug/mindie-llm_{pid}_{time}.log	退出	记录错误日志,退出		不涉及	是				查看故障日志				用户级调用								MIE	5		2			MIE0502				否		
AI_MINDIE_LLM_TEXTGENERATOR_1	初始化失败：插件特性不支持	AI软件	MINDIE	LLM	TextGenerator	平台软件	插件类型名称配置不合法	启动失败	启动失败	用户配置错误	否	否	mindie/latest/mindie-llm/logs/pythonlog.log	退出	记录错误日志，抛出异常，退出		不涉及	是	修改配置	"设置环境变量：
在config.json中的ModelConfig内配置Plugin参数时，plugin_type配置成目前不支持的参数类型名称。
示例：
""plugin_params"": ""{\""plugin_type\"":\""prefix_cachexxx\""}"""	"设置环境变量：
在config.json中的ModelConfig内配置Plugin参数时，plugin_type配置成目前不支持的参数类型名称。
示例：
""plugin_params"": ""{\""plugin_type\"":\""prefix_cachexxx\""}"""	查看故障日志	Unsupported plugin type: {plugin_type}, Only 'la', 'memory_decoding', 'prefix_cache', and 'splitfuse' are supported.	#NAME?		启动服务				Y	已合入		是	MIE	5	E	1	0	0	MIE05E010000	TEXT_GENERATOR_PLUGIN_NAME_INVALID			是	630	['MIE05E010000']
AI_MINDIE_LLM_TEXTGENERATOR_2	初始化失败：特性使用场景限制条件不满足	AI软件	MINDIE	LLM	TextGenerator	平台软件	使能插件与不支持的特性配合	启动失败	启动失败	用户配置错误	否	否	mindie/latest/mindie-llm/logs/pythonlog.log	退出	记录错误日志，抛出异常，退出		不涉及	是	修改配置	"使能splitfuse时，模型路径下有lora相关的json文件。
1. 使能splitfuse：config.json 中的ModelConfig内配置：""plugin_params"": ""{\""plugin_type\"":\""splitfuse\""}""，ScheduleConfig中的templateType配置为""Mix""
2. 使用支持mult-lora的模型，且模型路径下有lora_adapter.json文件。"	"使能splitfuse时，模型路径下有lora相关的json文件。
1. 使能splitfuse：config.json 中的ModelConfig内配置：""plugin_params"": ""{\""plugin_type\"":\""splitfuse\""}""，ScheduleConfig中的templateType配置为""Mix""
2. 使用支持mult-lora的模型，且模型路径下有lora_adapter.json文件。"	查看故障日志	SplitFuse is not supported when LoRA is enabled! If you want to enable SplitFuse only, please ensure that there is no file named 'lora_adapter.json' in the model path. Or if LoRA is exactly what you need, try to clear 'plugin_params' and to make sure 'templateType' is 'Standard'.	#NAME?		启动服务				Y	已合入		是	MIE	5	E	1	0	1	MIE05E010001	TEXT_GENERATOR_FEAT_COMPAT_INVALID			是	630	['MIE05E010001']
AI_MINDIE_LLM_TEXTGENERATOR_3	请求推理失败：无效的request_ids	AI软件	MINDIE	LLM	TextGenerator	平台软件	运行时报错：使用了未申请过的requset id	请求推理失败	功能异常	功能异常	否	否	mindie/latest/mindie-llm/logs/pythonlog.log	退出	记录错误日志，抛出异常，退出		不涉及	是	侵入式修改代码	"使能LA并行解码时，在get_guess_token函数中强行将req_id赋值为从未使用的值即可触发
1. 打开并行解码：config.json中的ModelConfig内配置：""plugin_params"": ""{\""plugin_type\"":\""la\"",\""level\"": 4,\""window\"": 5,\""guess_set_size\"": 5}""，ModelDeployConfig配置""speculationGamma"": 30
2. 在mindie_llm/text_generator/plugins/la/decoding_policy.py:33中的get_guess_token函数，将req_id在入口直接改为10000."	"使能LA并行解码时，在get_guess_token函数中强行将req_id赋值为从未使用的值即可触发
1. 打开并行解码：config.json中的ModelConfig内配置：""plugin_params"": ""{\""plugin_type\"":\""la\"",\""level\"": 4,\""window\"": 5,\""guess_set_size\"": 5}""，ModelDeployConfig配置""speculationGamma"": 30
2. 在mindie_llm/text_generator/plugins/la/decoding_policy.py:33中的get_guess_token函数，将req_id在入口直接改为10000."	查看抛出的异常信息	req_id {req_id} not allocated! This reqeust not prefilled before decoding!	#NAME?		开发调试				Y	"日志已合入
用例待补充"			MIE	5	E	1	0	2	MIE05E010002	TEXT_GENERATOR_REQ_ID_INVALID			是	630	['MIE05E010002']
AI_MINDIE_LLM_TEXTGENERATOR_6	请求推理失败：采样参数非法	AI软件	MINDIE	LLM	TextGenerator	平台软件	除零异常报错：采样后处理temperature采样参数配置为0	请求推理失败	功能异常	用户级配置错误			mindie/latest/mindie-llm/logs/pythonlog.log	记录错误日志	记录错误日志		不涉及	是	侵入式修改代码	不需要该故障码，已删除	"使能LA并行解码时，在get_guess_token函数中强行将req_id赋值为从未使用的值即可触发
1. 打开并行解码：config.json中的ModelConfig内配置：""plugin_params"": ""{\""plugin_type\"":\""la\"",\""level\"": 4,\""window\"": 5,\""guess_set_size\"": 5}""，ModelDeployConfig配置""speculationGamma"": 30
2. 在mindie_llm/text_generator/plugins/la/decoding_policy.py:942中的la_verify_sample_by_batch函数，在if temperatures[batch] == 0判断前增加temperatures[batch] = 0"	查看故障日志	temperature cannot be `0`! Please check temperature value in request.	#NAME?						Y	"日志已合入
用例待补充"		是	MIE	5	E	1	0	3	MIE05E010003	TEXT_GENERATOR_TEMP_ZERO_DIV_ERR	该错误码不需要，已删除		是	630	['MIE05E010003']
AI_MINDIE_LLM_TEXTGENERATOR_7	请求推理失败：惩罚类参数非法	AI软件	MINDIE	LLM	TextGenerator	平台软件	除零异常报错：采样后处理重复惩罚参数配置为0	请求推理失败	功能异常	用户级配置错误			mindie/latest/mindie-llm/logs/pythonlog.log	记录错误日志	记录错误日志		不涉及	是	侵入式修改代码	不需要该故障码，已删除	"使能LA并行解码时，在get_guess_token函数中强行将req_id赋值为从未使用的值即可触发
1. 打开并行解码：config.json中的ModelConfig内配置：""plugin_params"": ""{\""plugin_type\"":\""la\"",\""level\"": 4,\""window\"": 5,\""guess_set_size\"": 5}""，ModelDeployConfig配置""speculationGamma"": 30
2. 在mindie_llm/text_generator/plugins/la/decoding_policy.py:460的do_repetition_penalty_batch函数中,在if non_zero_penalty_num < penalty.numel()判断前增加non_zero_penalty_num = 0"	查看故障日志	repetition_penalty should not be 0! Please check repetition value in request.	#NAME?						Y	"日志已合入
用例待补充"		是	MIE	5	E	1	0	4	MIE05E010004	TEXT_GENERATOR_REQ_PENALTY_ZERO_DIV_ERR	该错误码不需要，已删除		是	630	['MIE05E010004']
AI_MINDIE_LLM_TEXTGENERATOR_8	请求推理失败：没有正常执行推理流程，除零保护	AI软件	MINDIE	LLM	TextGenerator	平台软件	除零异常报错：并行解码推理执行轮数为0	请求推理失败	功能异常	功能异常			mindie/latest/mindie-llm/logs/pythonlog.log	退出	记录错误日志，抛出异常，退出		不涉及	是	侵入式修改代码	被提前拦截，走不到该错误码，白盒验证	"export MINDIE_LLM_PYTHON_LOG_LEVEL=DEBUG
1. 打开并行解码：config.json中的ModelConfig内配置：""plugin_params"": ""{\""plugin_type\"":\""la\"",\""level\"": 4,\""window\"": 5,\""guess_set_size\"": 5}""，ModelDeployConfig配置""speculationGamma"": 30
2. 在mindie_llm/text_generator/plugins/la/la_statistics.py:33的print_statistics函数中将self.total_steps直接改为0"	查看抛出的异常信息	Request {req_id} has never been executed, so data statistics cannot be recorded	#NAME?		开发调试				Y	"日志已合入
用例待补充"			MIE	5	E	1	0	5	MIE05E010005	TEXT_GENERATOR_ZERO_ITER_ERR			是	630	['MIE05E010005']
AI_MINDIE_LLM_TEXTGENERATOR_9	请求推理失败：没有正常执行推理流程	AI软件	MINDIE	LLM	TextGenerator	平台软件	除零异常报错：并行解码推理执行时间为0	请求推理失败	功能异常	功能异常			mindie/latest/mindie-llm/logs/pythonlog.log	退出	记录错误日志，抛出异常，退出		不涉及	是	侵入式修改代码	被提前拦截，走不到该错误码，白盒验证	"export MINDIE_LLM_PYTHON_LOG_LEVEL=DEBUG
1. 打开并行解码：config.json中的ModelConfig内配置：""plugin_params"": ""{\""plugin_type\"":\""la\"",\""level\"": 4,\""window\"": 5,\""guess_set_size\"": 5}""，ModelDeployConfig配置""speculationGamma"": 30
2. 在mindie_llm/text_generator/plugins/la/la_statistics.py:33的print_statistics函数中将total_time直接改为0"	查看抛出的异常信息	Request {req_id} has never been executed, so data statistics cannot be recorded	#NAME?		开发调试				Y	"日志已合入
用例待补充"			MIE	5	E	1	0	6	MIE05E010006	TEXT_GENERATOR_ZERO_TIME_ERR			是	630	['MIE05E010006']
AI_MINDIE_LLM_TEXTGENERATOR_10	请求推理失败：无效的request_ids	AI软件	MINDIE	LLM	TextGenerator	平台软件	运行时报错：信息统计时出现未使用过的req_id	请求推理失败	功能异常	功能异常			mindie/latest/mindie-llm/logs/pythonlog.log	记录错误日志	记录错误日志		不涉及	是	侵入式修改代码	"export MINDIE_LLM_PYTHON_LOG_LEVEL=DEBUG
1. 打开并行解码：config.json中的ModelConfig内配置：""plugin_params"": ""{\""plugin_type\"":\""la\"",\""level\"": 4,\""window\"": 5,\""guess_set_size\"": 5}""，ModelDeployConfig配置""speculationGamma"": 30
2. 在mindie_llm/text_generator/plugins/la/la_statistics.py:141的update_request_stats函数中将req_id直接改为10000"	"export MINDIE_LLM_PYTHON_LOG_LEVEL=DEBUG
1. 打开并行解码：config.json中的ModelConfig内配置：""plugin_params"": ""{\""plugin_type\"":\""la\"",\""level\"": 4,\""window\"": 5,\""guess_set_size\"": 5}""，ModelDeployConfig配置""speculationGamma"": 30
2. 在mindie_llm/text_generator/plugins/la/la_statistics.py:141的update_request_stats函数中将req_id直接改为10000"	查看故障日志	Request {req_id} has never been executed, so data statistics cannot be recorded	#NAME?		开发调试	考虑到只是统计数据受影响，并没有让服务停止			Y	"日志已合入
用例待补充"			MIE	5	E	1	0	7	MIE05E010007	TEXT_GENERATOR_REQ_ID_UNUSED			是	630	['MIE05E010007']
AI_MINDIE_LLM_TEXTGENERATOR_11	已删除		MINDIE	LLM	TextGenerator	平台软件	运行时报错：memory_decoding走到未支持草稿分支。	请求推理失败	功能异常	功能异常			~/mindie/log/debug/mindie-llm_{pid}_{time}.log	退出	抛出异常,退出		不涉及	是			"memory_decoding走到未支持草稿分支。
1. 打开并行解码：config.json中的ModelConfig内配置：""plugin_params"": ""{\""plugin_type\"":\""memory_decoding\"",\""decoding_length\"": 16,\""dynamic_algo\"": true}""，ModelDeployConfig配置""speculationGamma"": 16
2. 在mindie_llm/text_generator/plugins/memory_decoding/decoding_policy.py中DECODING_MODE全局变量改为空"	查看抛出的异常信息	decoding mode only support single and multi'；删代码				已删除			N	代码已删除			MIE	5		1			MIE0501				否		
AI_MINDIE_LLM_TEXTGENERATOR_12	初始化失败：generator_backend类型不支持	AI软件	MINDIE	LLM	TextGenerator	平台软件	配置了未支持的generator_backend类型	启动失败	启动失败	用户配置错误	否	否	/usr/local/Ascend/mindie/latest/mindie-llm/logs/pythonlog.log	退出	记录错误日志,退出		不涉及	是	ut测试	"1.下载https://gitee.com/ascend/MindIE-LLM/blob/master/tests/pythontest/text_generator/test_error.py
2.保留test_generator_backend，注释掉其他test_开头的方法（用例）
3.若希望异常信息保留在日志文件中，则需要注释掉用例代码中的“self._recover_log(log_bak)”，否则会自动恢复用例执行前的日志文件原貌。
4. 在安装有mindie的环境中运行
MINDIE_LOG_TO_STDOUT=1 python tests/pythontest/text_generator/test_error.py"	修改配置参数backendType为未知类型	查看故障日志	Unsupported backend type. The `backend_type` field only supports either "atb" or "ms". If you are using a service framework, please modify its configuration file to ensure the `backend_type` parameter passed to the `Generator` is correct. Such files are typically located in conf/config.json or a similar path. Note that this parameter must be consistent with the environment variable `MINDIE_LLM_FRAMEWORK_BACKEND`.	ut运行通过且日志内容符合预期		启动服务	UT测试			Y	日志用例均已合入		是	MIE	5	E	1	0	8	MIE05E010008	TEXT_GENERATOR_GENERATOR_BACKEND_INVALID			是	630	['MIE05E010008']
AI_MINDIE_LLM_TEXTGENERATOR_13	请求推理失败：校验request_ids的shape失败	AI软件	MINDIE	LLM	TextGenerator	平台软件	上层调用sampler时传入的request_ids与logits的第0维shape不一致	请求推理失败	功能异常	功能异常	否	否	/usr/local/Ascend/mindie/latest/mindie-llm/logs/pythonlog.log	继续下一个节点状态的更新	记录错误日志		不涉及	是	ut测试	"1.下载https://gitee.com/ascend/MindIE-LLM/blob/master/tests/pythontest/text_generator/test_error.py
2.保留test_logits_shape，注释掉其他test_开头的方法（用例）
3.若希望异常信息保留在日志文件中，则需要注释掉用例代码中的“self._recover_log(log_bak)”，否则会自动恢复用例执行前的日志文件原貌。
4. 在安装有mindie的环境中运行
MINDIE_LOG_TO_STDOUT=1 python tests/pythontest/text_generator/test_error.py"	调用sampler时传入与logits第0维shape不一致的request_ids；	查看故障日志	The batch size of request_ids and logits are inconsistent. This may occur if incorrect request_ids are provided when calling the sample method of the generator_backend or when directly invoking the sampler. Please check the shapes of request_ids and logits before making these calls.	ut运行通过且日志内容符合预期		开发调试	UT测试			Y	日志用例均已合入		是	MIE	5	E	1	0	9	MIE05E010009	TEXT_GENERATOR_LOGITS_SHAPE_MISMATCH			是	630	['MIE05E010009']
AI_MINDIE_LLM_TEXTGENERATOR_14	请求推理失败：decode阶段找不到参数缓存	AI软件	MINDIE	LLM	TextGenerator	平台软件	上层应用未发送prefill请求或在请求已判停后继续发送decode请求	请求推理失败	功能异常	功能异常	否	否	/usr/local/Ascend/mindie/latest/mindie-llm/logs/pythonlog.log	继续下一个节点状态的更新	记录错误日志		不涉及	是	ut测试	"1.下载https://gitee.com/ascend/MindIE-LLM/blob/master/tests/pythontest/text_generator/test_error.py
2.保留test_invalid_decoding，注释掉其他test_开头的方法（用例）
3.若希望异常信息保留在日志文件中，则需要注释掉用例代码中的“self._recover_log(log_bak)”，否则会自动恢复用例执行前的日志文件原貌。
4. 在安装有mindie的环境中运行
MINDIE_LOG_TO_STDOUT=1 python tests/pythontest/text_generator/test_error.py"	使用service调用mindie_llm时在收到eos_np时将非0的判停标志改为0	查看故障日志	There is no cached data for request {request_id}. This could be due to one of the following reasons: 1. It has not gone through the prefilling stage. 2. The request was determined to have stopped but was still passed into the decoding process.	ut运行通过且日志内容符合预期		开发调试	UT测试			Y	日志用例均已合入		是	MIE	5	E	1	0	10	MIE05E010010	TEXT_GENERATOR_MISSING_PREFILL_OR_INVALID_DECODE_REQ			是	630	['MIE05E010010']
AI_MINDIE_LLM_TEXTGENERATOR_15	请求推理失败：block_size校验失败	AI软件	MINDIE	LLM	TextGenerator	平台软件	构造input_metadata输入时传入了非法的max_block_size	请求推理失败	功能异常	功能异常	否	否	/usr/local/Ascend/mindie/latest/mindie-llm/logs/pythonlog.log	继续下一个节点状态的更新	记录错误日志		不涉及	是	ut测试	"1.下载https://gitee.com/ascend/MindIE-LLM/blob/master/tests/pythontest/text_generator/test_error.py
2.保留test_block_size，注释掉其他test_开头的方法（用例）
3.若希望异常信息保留在日志文件中，则需要注释掉用例代码中的“self._recover_log(log_bak)”，否则会自动恢复用例执行前的日志文件原貌。
4. 在安装有mindie的环境中运行
MINDIE_LOG_TO_STDOUT=1 python tests/pythontest/text_generator/test_error.py"	构造input_metadata时传入max_block_size=0	查看故障日志	It has been detected that `max_block_size` is set to 0, but `max_block_size` must be greater than 0 to ensure the program runs correctly. If you are unsure of an appropriate value, you can simply omit this parameter.	ut运行通过且日志内容符合预期		开发调试	UT测试			Y	日志用例均已合入		是	MIE	5	E	1	0	11	MIE05E010011	TEXT_GENERATOR_MAX_BLOCK_SIZE_INVALID			是	630	['MIE05E010011']
AI_MINDIE_LLM_TEXTGENERATOR_16	初始化失败：eos_token_id不合法	AI软件	MINDIE	LLM	TextGenerator	平台软件	配置的eos_token_id参数格式既不是int型也不是非空列表	启动失败	启动失败	用户配置错误	否	否	/usr/local/Ascend/mindie/latest/mindie-llm/logs/pythonlog.log	退出	记录错误日志,退出		不涉及	是	ut测试	"1.下载https://gitee.com/ascend/MindIE-LLM/blob/master/tests/pythontest/text_generator/test_error.py
2.保留test_eos_token_id，注释掉其他test_开头的方法（用例）
3.若希望异常信息保留在日志文件中，则需要注释掉用例代码中的“self._recover_log(log_bak)”，否则会自动恢复用例执行前的日志文件原貌。
4. 在安装有mindie的环境中运行
MINDIE_LOG_TO_STDOUT=1 python tests/pythontest/text_generator/test_error.py"	在模型generation_config.json文件中配置eos_token_id为浮点数或空表	查看故障日志	The configured `eos_token_id` has an incorrect format. It must be an integer or a list of 'integers. You can modify the `eos_token_id` in the `generation_config.json` file of the model weights.	ut运行通过且日志内容符合预期		启动服务	UT测试			Y	日志用例均已合入		是	MIE	5	E	1	0	12	MIE05E010012	TEXT_GENERATOR_EOS_TOKEN_ID_TYPE_INVALID			是	630	['MIE05E010012']
AI_MINDIE_LLM_TEXTGENERATOR_17	初始化失败：plugin传参不合法	AI软件	MINDIE	LLM	TextGenerator	平台软件	plugin_params传递的参数不在合理范围内	启动失败	启动失败	用户配置错误	否	否	mindie/latest/mindie-llm/logs/pythonlog.log	退出	记录错误日志,退出		不涉及	是	修改配置	1. 打开并行解码：config.json中的ModelConfig内配置："plugin_params": "{\"plugin_type\":\"la\",\"level\": -1,\"window\": 5,\"guess_set_size\": 5}"，ModelDeployConfig配置"speculationGamma": 30	1. 打开并行解码：config.json中的ModelConfig内配置："plugin_params": "{\"plugin_type\":\"la\",\"level\": -1,\"window\": 5,\"guess_set_size\": 5}"，ModelDeployConfig配置"speculationGamma": 30	查看故障日志	level cannot be less than 2, but now is {self.level}, please check the value of level in plugin_params!	#NAME?		启动服务							是	MIE	5	E	1	0	14	MIE05E010014	TEXT_GENERATOR_PLUGIN_PARAM_VALUE_ERR			否		
AI_MINDIE_LLM_TEXTGENERATOR_18	内部错误	AI软件	MINDIE	LLM	TextGenerator	平台软件	dp场景下未获取到dp_rank_ids入参	启动失败	启动失败	功能异常	否	否	~/mindie/log/debug/mindie-llm_{pid}_{time}.log	退出	记录错误日志,退出		不涉及	是				查看故障日志	`dp_rank_ids` is not given when data parallel size > 1.							N				MIE	5	E	1	0	15	MIE05E010015	TEXT_GENERATOR_INTERNAL_ERROR			否		
AI_MINDIE_LLM_TEXTGENERATOR_19	PD分离建链失败：网口down	AI软件	MINDIE	LLM	TextGenerator	平台软件	网口down	PD分离启动失败	启动失败	网络配置问题	否	否	for i in {0..7}; do hccn_tool -i $i -link -g ; done					是	修改网络配置		sudo hccn_tool -i 0 -link -s down在warm up结束后执行关闭网口	for i in {0..7}; do hccn_tool -i $i -link -g ; done	超时时间内会重试，直到超时：Link from {local_device_ip} to {remote_device_ip} failed, error code is {MIE05E01001B}	日志符合预期		启动服务				N				MIE	5	E	1	0	19	MIE05E01001B	TEXT_GENERATOR_PD_LINK_OUT_OF_TIME			是	630	[['MIE05E01001B'], ['Link from local_device_ip', 'to remote_device_ip', 'error'], ['Link from', 'to', 'failed']]
AI_MINDIE_LLM_TEXTGENERATOR_20	PD分离建链失败：HCCS未使能	AI软件	MINDIE	LLM	TextGenerator	平台软件	HCCS没使能	PD分离启动失败	启动失败	网络配置问题	否	否	npu-smi info -t topo					是	修改网络配置			npu-smi info -t topo	"超时时间内会重试，直到超时：Link from {local_device_ip} to {remote_device_ip} failed, error code is {MIE05E01001B}
    plog：linkType 1 is not supported"	日志符合预期		启动服务				N				MIE	5	E	1	0	19	MIE05E01001B	TEXT_GENERATOR_PD_LINK_OUT_OF_TIME			否		
AI_MINDIE_LLM_TEXTGENERATOR_21	PD分离建链失败：端口被其他进程占用	AI软件	MINDIE	LLM	TextGenerator	平台软件	端口被占用	PD分离启动失败	启动失败	功能异常	否	否	~/ascend/log/debug/plog					是	白盒测试		在该设备上启动其他进程并占用该端口	查看故障日志	"超时时间内会重试，直到超时：Link from {local_device_ip} to {remote_device_ip} failed, error code is {MIE05E01001B}
   plog：Listen on ip[xxx] and sepcific port[16666] fail. "	日志符合预期		启动服务				N				MIE	5	E	1	0	19	MIE05E01001B	TEXT_GENERATOR_PD_LINK_OUT_OF_TIME			否		
AI_MINDIE_LLM_TEXTGENERATOR_22	PD分离建链失败：一端下发建链请求，另一端没有下发建链	AI软件	MINDIE	LLM	TextGenerator	平台软件	对端故障没有下发或者建链成环发生死锁	PD分离启动失败	启动失败	功能异常	否	否	mindie/latest/mindie-llm/logs/pythonlog.log					是	修改配置		修改建链两端ranktable，使两边的找不到对端的建链请求	查看故障日志	超时时间内会重试，直到超时：Link from {local_device_ip} to {remote_device_ip} failed, error code is {MIE05E01001B}	日志符合预期		启动服务				N				MIE	5	E	1	0	19	MIE05E01001B	TEXT_GENERATOR_PD_LINK_OUT_OF_TIME			否		
AI_MINDIE_LLM_TEXTGENERATOR_23	PD分离pull_kv失败,网络问题	AI软件	MINDIE	LLM	TextGenerator	平台软件	网络闪断	推理失败	功能异常	网络问题	否	否	mindie/latest/mindie-llm/logs/pythonlog.log					是	白盒测试	拔网线	拔网线	查看故障日志	报错local_device_ip pull kv from {remote_device_ip} failed, error code is MIE05E01001A	日志符合预期		启动服务				N				MIE	5	E	1	0	1A	MIE05E01001A	TEXT_GENERATOR_PD_PULL_KV_ERROR			是	630	[['MIE05E01001A'], ['pull kv from', 'failed']]
AI_MINDIE_LLM_TEXTGENERATOR_24	PD分离pull_kv失败,网络问题	AI软件	MINDIE	LLM	TextGenerator	平台软件	交换机和npu网口以及数据发送方优先级队列配置不匹配	推理失败	功能异常	网络问题	否	否	mindie/latest/mindie-llm/logs/pythonlog.log					是	白盒测试	修改网络优先级队列的配置	修改网络优先级队列的配置	查看故障日志	报错local_device_ip pull kv from {remote_device_ip} failed, error code is MIE05E01001A	日志符合预期		启动服务				N				MIE	5	E	1	0	1A	MIE05E01001A	TEXT_GENERATOR_PD_PULL_KV_ERROR			否		
AI_MINDIE_LLM_TEXTGENERATOR_24	PD分离pull_kv失败,网络问题	AI软件	MINDIE	LLM	TextGenerator	平台软件	交换机pfc优先队列没有开启	推理失败	功能异常	网络问题	否	否	mindie/latest/mindie-llm/logs/pythonlog.log					是	白盒测试	关闭交换机pfc优先级队列	关闭交换机pfc优先级队列	查看故障日志	报错local_device_ip pull kv from {remote_device_ip} failed, error code is MIE05E01001A	日志符合预期		启动服务				N				MIE	5	E	1	0	1A	MIE05E01001A	TEXT_GENERATOR_PD_PULL_KV_ERROR			否		
AI_MINDIE_LLM_ATBMODELS_1	初始化失败：模型参数校验失败 	AI软件	MINDIE	LLM	ATB Models	平台软件	参数不在合法值范围内	启动失败	功能异常	用户使用错误	否	否	默认python侧不落盘	退出	记录错误日志,退出		不涉及	是	修改配置	"1.修改模型权重的config.json，例如llama1-7b中的config.json，修改""torch_dtype""为“float32""
2.运行对话测试，python examples/run_pa.py --model_path {llama1-7b路径}"	模型config.json中的torch_dtype修改为float32	查看故障日志	"Unsupported type: {param}, this field is only supported for type `xxx`, loaded from config.json -> {param}. The specific types supported by each model are different, please refer to the model README file.	自测通过		用户级调用				Y(含模型侧)	已合入			MIE	5	E	0	0	0	MIE05E000000	ATB_MODELS_PARAM_OUT_OF_RANGE			是	630	['MIE05E000000']
AI_MINDIE_LLM_ATBMODELS_2	初始化失败：模型权重加载 OOM ;Warm_up failed	AI软件	MINDIE	LLM	ATB Models	平台软件	初始化时显存不足	启动失败	功能异常	用户使用错误	否	否	~/mindie/log/debug/mindie-llm_{pid}_{time}.log	退出	记录错误日志,退出		不涉及	是			加载权重超过卡的显存大小	查看故障日志	"The model weights are too large to fit within the NPU memory. Try increasing the tensor parallel size or loading a smaller model.
RuntimeError: NPU out of memory xxx."			开发调试		对齐pytorch的OOM，明确OOM的原因；pytorch OOM 权重加载内存不足。						MIE	5	E	0	0		MIE05E0000				否		
AI_MINDIE_LLM_ATBMODELS_3	模型运行时：frammework setup校验失败	AI软件	MINDIE	LLM	ATB Models	平台软件	加速库setup失败	推理失败	功能异常	用户使用错误	否	否	~/mindie/log/debug/mindie-llm_{pid}_{time}.log	退出	记录错误日志,退出		不涉及	是			输入参数个数>5	查看故障日志	Setup fail, enable log: export ASDOPS_LOG_LEVEL=ERROR, export ASDOPS_LOG_TO_STDOUT=1 to find the first  error. For more details, see the MindIE official document. 			用户级调用								MIE	5		0			MIE0500				否		
AI_MINDIE_LLM_ATBMODELS_4	初始化失败：模型组图 param json校验失败	AI软件	MINDIE	LLM	ATB Models	平台软件	参数配置校验失败	启动失败	功能异常	用户配置错误	否	否	~/mindie/log/debug/mindie-llm_{pid}_{time}.log	退出	记录错误日志,退出		不涉及	是	ut测试	"1. 下载https://gitee.com/ascend/MindIE-LLM/blob/master/examples/atb_models/tests/pythontest/atb_llm/models/llama/test_set_param.py
2.在上述代码路径中，在安装有mindie的环境下运行MINDIE_LOG_TO_STDOUT=1 python test_set_param.py，可观察到报错日志和错误码，效果可见本行“备注”列"	模型代码中init_ascend_weight部分coder_param参数设置错误，具体方法可见ut：examples/atb_models/tests/pythontest/atb_llm/models/llama/test_set_param.py，测试方法为python -m unittest test_set_param.py	查看故障日志	[llm] [ERROR] [model_param.cpp:47] [MIE05E00001] Failed to parse parameter isUnpadInputs: [json.exception.out_of_range.403] key 'isUnpadInputs' not found. Please check the type of param.	自测通过		开发测试				Y(含模型侧)	已合入		是	MIE	5	E	0	0	1	MIE05E000001	ATB_MODELS_MODEL_PARAM_JSON_INVALID		#NAME?	是	630	['MIE05E000001']
AI_MINDIE_LLM_ATBMODELS_5	模型运行时：framework execute失败	AI软件	MINDIE	LLM	ATB Models	平台软件	加速库execute失败	推理失败	功能异常	用户使用错误	否	否	~/mindie/log/debug/mindie-llm_{pid}_{time}.log	退出	记录错误日志,退出		不涉及	否	白盒测试	"若需要复现，需要运行多机推理并关闭npu网口（具体步骤可查看文档，询问郭小辉），或者侵入式修改cpp文件。建议进行白盒测试
已与测试方沟通，截图见本行“备注”。
"	多机多卡推理时关闭npu网口	查看故障日志	"execute fail, enable log: export ASDOPS_LOG_LEVEL=ERROR, export ASDOPS_LOG_TO_STDOUT=1 to find he first error. For more details, see the MindIE official document. 
              "	自测通过		用户级调用	白盒测试			Y	已合入		是	MIE	5	E	0	0	2	MIE05E000002	ATB_MODELS_EXECUTION_FAILURE		#NAME?	是	630	['MIE05E000002']
AI_MINDIE_LLM_ATBMODELS_6	模型运行时：framework OOM	AI软件	MINDIE	LLM	ATB Models	平台软件	运行时显存不足	推理失败	功能异常	用户使用错误	否	否	~/mindie/log/debug/mindie-llm_{pid}_{time}.log	退出	记录错误日志,退出		不涉及	是			npu_mem设置较大	查看故障日志	Npu out of memory, OOM 无需修改			用户级调用							是	MIE	5		0	0		MIE050000				否		
AI_MINDIE_LLM_ATBMODELS_7	权限问题	AI软件	MINDIE	LLM	ATB Models	平台软件	权重路径权限中其他用户包含写权限	推理失败	功能异常	用户配置错误	否	否		退出		tianyang，linfeng；安全校验异常报错需要额外添加新行 ；权限问题，联网问题等	不涉及	是			权重文件路径权限设为777																0							否		
AI_MINDIE_LLM_ATBMODELS_8	初始化失败：权重文件损坏	AI软件	MINDIE	LLM	ATB Models	平台软件	权重文件损坏	推理失败	功能异常	用户使用错误	否	否	~/mindie/log/debug/mindie-llm_{pid}_{time}.log	退出	记录错误日志,退出		不涉及	是					Unable to open files in safetensors format. The weight files might be corrupted. Please check file intergrity. 待修改														0							否		
AI_MINDIE_LLM_ATBMODELS_9	transformer联网问题校验	AI软件	MINDIE	LLM	ATB Models	平台软件																															0							否		
AI_MINDIE_LLM_ATBMODELS_10	warmup失败：申请的kvcache小于输入输出最大规格	AI软件	MINDIE	LLM	ATB Models	平台软件	申请的kvcache小于输入输出最大规格：显存不足	推理失败	功能异常	用户使用错误	否	否	/usr/local/Ascend/mindie/latest/mindie-llm/logs/pythonlog.log	退出	记录错误日志,退出		不涉及	是			bs，输入长度设置过大，npu_mem设置过小	查看故障日志	Warmup failed. This issue could be caused by setting both `max_prefill_tokens` and `max_input_length` to very large values, or setting insufficient `npu_mem`. Reducing either `max_prefill_tokens` or `max_input_length` may help resolve this issue. If `npu_mem` is -1, try to increase the environment value `NPU_MEMORY_FRACTION` or `npu_mem` in configuration directly. Increase `world_size` can be another choice.			用户级调用											0							否		
AI_MINDIE_LLM_ATBMODELS_11	初始化失败：模型不支持	AI软件	MINDIE	LLM	ATB Models	平台软件	模型名不在ModelFactory支持的范围内	启动失败	功能异常	用户使用错误	 否	否	~/mindie/log/debug/mindie-llm_{pid}_{time}.log	退出	记录错误日志,退出		不涉及	 是			输入ModelFactory::GetRegistryMap()中不存在的ModelName	查看故障日志	"Not support modelName: " << modelName_ << ", not found in ModelFactory."需要日志修改，返回支持的modelname列表			用户级调用							是	MIE	5	E	0	0		MIE05E000003				否		
AI_MINDIE_LLM_ATBMODELS_12	模型运行时：framework execute失败	AI软件	MINDIE	LLM	ATB Models	平台软件	inTensorDescs输入张量描述符的合法性和兼容性有问题，加速库infershape失败	推理失败	功能异常	功能异常	 否	否	~/mindie/log/debug/mindie-llm_{pid}_{time}.log	记录错误日志	记录错误日志,退出		不涉及	是			改变atInTensors数据类型或引入不匹配的atInTensors输入	查看故障日志	name_ << " infer shape fail, error code: " << st;			开发调试							是	MIE	5	E	0	0		MIE05E000004				否		
AI_MINDIE_LLM_ATBMODELS_13	内部错误	AI软件	MINDIE	LLM	ATB Models	平台软件	请求的block tables被重复申请	推理失败	功能异常	功能异常	 否	否	~/mindie/log/debug/mindie-llm_{pid}_{time}.log	记录错误日志	记录错误日志,退出		不涉及					查看故障日志	f"req_id: {req.req_id} block has been allocated."			开发调试				N	已合入		是	MIE	5	E	0	0		MIE05E000004	ATB_MODELS_INTERNAL_ERROR			否		
